quantity, value_kN, value_kips, half_wavelength_mm, note
CUFSM Pcrl gross, 16.1357, 3.6274, 70.0, signature curve minimum
CUFSM Pcrd gross, 37.1965, 8.3621, 460.0, signature curve minimum
CUFSM global S-S 48 in (m = 1), 37.1654, 8.3551, 1219.2, single half-wave over the braced length
CUFSM global S-S 48 in (m = 1) mode 2, 49.5844, 11.1470, 1219.2, weak-axis flexure with flange distortion
CUFSM 48 in m = 2, 41.4431, 9.3168, 609.6, two half-waves over the braced length
CUFSM 48 in m = 3, 38.0134, 8.5458, 406.4, three half-waves over the braced length
CSB Pcrl gross (FE-matched r), 16.1695, 3.6350, 70.2,
CSB Pcrd gross (FE-matched r), 37.2958, 8.3844, 450.0,
CSB Pcrl hole (FE-matched r), 24.8843, 5.5942, 61.1, net section through the hole
CSB Pcrd hole (FE-matched r), 35.3523, 7.9475, 450.0, AISI S100 reduced web thickness
CSB Pcrl gross (SFIA r), 16.2456, 3.6521, 70.4,
CSB Pcrd gross (SFIA r), 36.6950, 8.2494, 450.0,
CSB Pcrl hole (SFIA r), 25.0805, 5.6383, 58.5, net section through the hole
CSB Pcrd hole (SFIA r), 34.8055, 7.8246, 450.0, AISI S100 reduced web thickness
Analytical Pex gross, 314.6229, 70.7300, 1219.2,
Analytical Pey gross, 56.9282, 12.7980, 1219.2,
Analytical Pt gross, 40.0007, 8.9925, 1219.2,
Analytical PFT gross, 37.8862, 8.5172, 1219.2,
Analytical Pcre gross, 37.8862, 8.5172, 1219.2, min(PFT and flexure about the non-symmetry axis)
Analytical PFT weighted-average (holes), 31.6271, 7.1100, 1219.2, AISI S100 net-section weighted average
Analytical Pey weighted-average (holes), 55.2766, 12.4267, 1219.2,
Analytical Pcre weighted-average (holes), 31.6271, 7.1100, 1219.2,
