half_wavelength_mm, fcr_MPa, Pcr_kN
20.0, 393.9344, 67.25568
25.0, 267.7683, 45.71558
30.0, 200.1902, 34.17809
35.0, 160.3960, 27.38410
40.0, 135.5212, 23.13728
45.0, 119.4218, 20.38865
50.0, 108.8627, 18.58592
55.0, 102.0089, 17.41579
60.0, 97.7568, 16.68984
65.0, 95.4100, 16.28917
70.0, 94.5110, 16.13568
75.0, 94.7491, 16.17634
80.0, 95.9067, 16.37397
85.0, 97.8270, 16.70182
90.0, 100.3944, 17.14015
95.0, 103.5212, 17.67398
100.0, 107.1393, 18.29169
105.0, 111.1943, 18.98400
110.0, 115.6416, 19.74328
115.0, 120.4435, 20.56310
120.0, 125.5670, 21.43782
125.0, 130.9824, 22.36237
130.0, 136.6618, 23.33201
135.0, 142.5787, 24.34219
140.0, 148.7068, 25.38842
145.0, 155.0193, 26.46614
150.0, 161.4887, 27.57066
155.0, 168.0863, 28.69706
160.0, 174.7814, 29.84011
165.0, 181.5415, 30.99424
170.0, 188.3314, 32.15347
175.0, 195.1136, 33.31138
180.0, 201.8477, 34.46108
185.0, 208.4907, 35.59521
190.0, 214.9968, 36.70599
195.0, 221.3182, 37.78523
200.0, 227.4052, 38.82446
205.0, 233.2075, 39.81507
210.0, 238.6747, 40.74849
215.0, 243.7585, 41.61643
220.0, 248.4137, 42.41121
225.0, 252.6004, 43.12599
230.0, 256.2857, 43.75518
235.0, 259.4455, 44.29463
240.0, 262.0656, 44.74197
245.0, 264.1430, 45.09663
250.0, 265.6854, 45.35997
255.0, 266.7114, 45.53514
260.0, 267.2487, 45.62686
265.0, 267.3327, 45.64120
270.0, 267.0045, 45.58517
275.0, 266.3090, 45.46643
280.0, 265.2928, 45.29293
285.0, 264.0023, 45.07261
290.0, 262.4827, 44.81318
295.0, 260.7768, 44.52193
300.0, 258.9241, 44.20562
305.0, 256.9606, 43.87040
310.0, 254.9186, 43.52178
315.0, 252.8267, 43.16461
320.0, 250.7096, 42.80317
325.0, 248.5890, 42.44113
330.0, 246.4834, 42.08164
335.0, 244.4084, 41.72738
340.0, 242.3770, 41.38057
345.0, 240.4003, 41.04309
350.0, 238.4872, 40.71647
355.0, 236.6451, 40.40196
360.0, 234.8796, 40.10055
365.0, 233.1955, 39.81302
370.0, 231.5962, 39.53998
375.0, 230.0843, 39.28186
380.0, 228.6617, 39.03897
385.0, 227.3294, 38.81152
390.0, 226.0881, 38.59960
395.0, 224.9380, 38.40324
400.0, 223.8788, 38.22240
405.0, 222.9099, 38.05699
410.0, 222.0306, 37.90686
415.0, 221.2397, 37.77184
420.0, 220.5361, 37.65172
425.0, 219.9185, 37.54627
430.0, 219.3853, 37.45524
435.0, 218.9350, 37.37836
440.0, 218.5661, 37.31537
445.0, 218.2767, 37.26597
450.0, 218.0654, 37.22989
455.0, 217.9303, 37.20682
460.0, 217.8697, 37.19647
465.0, 217.8819, 37.19856
470.0, 217.9652, 37.21278
475.0, 218.1179, 37.23885
480.0, 218.3382, 37.27647
485.0, 218.6246, 37.32537
490.0, 218.9754, 37.38526
495.0, 219.3889, 37.45586
500.0, 219.8636, 37.53690
505.0, 220.3978, 37.62811
510.0, 220.9901, 37.72922
515.0, 221.6389, 37.83999
520.0, 222.3427, 37.96015
525.0, 223.1001, 38.08945
530.0, 223.9095, 38.22765
535.0, 224.7697, 38.37451
540.0, 225.6792, 38.52978
545.0, 226.6366, 38.69324
550.0, 227.6407, 38.86466
555.0, 228.6900, 39.04381
560.0, 229.7833, 39.23047
565.0, 230.9193, 39.42441
570.0, 232.0968, 39.62544
575.0, 233.3144, 39.83333
580.0, 234.5710, 40.04787
585.0, 235.8654, 40.26885
590.0, 237.1963, 40.49608
595.0, 238.5626, 40.72934
600.0, 239.9630, 40.96843
605.0, 241.3964, 41.21316
610.0, 242.8617, 41.46332
615.0, 244.3576, 41.71871
620.0, 245.8830, 41.97914
625.0, 247.4367, 42.24440
630.0, 249.0176, 42.51431
635.0, 250.6246, 42.78866
640.0, 252.2564, 43.06726
645.0, 253.9119, 43.34990
650.0, 255.5900, 43.63639
655.0, 257.2894, 43.92653
660.0, 259.0090, 44.22012
665.0, 260.7477, 44.51695
670.0, 262.5041, 44.81682
675.0, 264.2771, 45.11953
680.0, 266.0655, 45.42486
685.0, 267.8680, 45.73260
690.0, 269.6835, 46.04255
695.0, 271.5105, 46.35447
700.0, 273.3479, 46.66817
705.0, 275.1943, 46.98340
710.0, 277.0484, 47.29996
715.0, 278.9089, 47.61760
720.0, 280.7744, 47.93609
725.0, 282.6436, 48.25520
730.0, 284.5149, 48.57469
735.0, 286.3870, 48.89430
740.0, 288.2583, 49.21380
745.0, 290.1275, 49.53292
750.0, 291.9930, 49.85142
755.0, 293.8533, 50.16901
760.0, 295.7067, 50.48544
765.0, 297.5517, 50.80044
770.0, 299.3867, 51.11372
775.0, 301.2099, 51.42500
780.0, 303.0198, 51.73400
785.0, 304.8146, 52.04043
790.0, 306.5926, 52.34398
795.0, 308.3520, 52.64436
800.0, 310.0911, 52.94127
805.0, 311.8080, 53.23439
810.0, 313.5009, 53.52342
815.0, 315.1680, 53.80804
820.0, 316.8075, 54.08794
825.0, 318.4173, 54.36279
830.0, 319.9958, 54.63227
835.0, 321.5409, 54.89607
840.0, 323.0508, 55.15386
845.0, 324.5237, 55.40532
850.0, 325.9576, 55.65013
855.0, 327.3507, 55.88797
860.0, 328.7012, 56.11852
865.0, 330.0071, 56.34149
870.0, 331.2668, 56.55655
875.0, 332.4785, 56.76342
880.0, 333.6404, 56.96179
885.0, 334.7509, 57.15139
890.0, 335.8085, 57.33195
895.0, 336.8115, 57.50319
900.0, 337.7585, 57.66486
905.0, 338.6481, 57.81674
910.0, 339.4790, 57.95860
915.0, 340.2500, 58.09023
920.0, 340.9599, 58.21144
925.0, 341.6079, 58.32207
930.0, 342.1929, 58.42194
935.0, 342.7142, 58.51095
940.0, 343.1711, 58.58896
945.0, 343.5632, 58.65589
950.0, 343.3374, 58.61735
955.0, 340.1911, 58.08018
960.0, 337.0812, 57.54924
965.0, 334.0076, 57.02448
970.0, 330.9699, 56.50586
975.0, 327.9679, 55.99333
980.0, 325.0013, 55.48685
985.0, 322.0698, 54.98637
990.0, 319.1732, 54.49183
995.0, 316.3110, 54.00318
1000.0, 313.4830, 53.52036
1005.0, 310.6889, 53.04332
1010.0, 307.9282, 52.57200
1015.0, 305.2006, 52.10632
1020.0, 302.5058, 51.64625
1025.0, 299.8434, 51.19170
1030.0, 297.2131, 50.74263
1035.0, 294.6144, 50.29896
1040.0, 292.0470, 49.86064
1045.0, 289.5106, 49.42760
1050.0, 287.0047, 48.99977
1055.0, 284.5290, 48.57709
1060.0, 282.0831, 48.15951
1065.0, 279.6666, 47.74695
1070.0, 277.2792, 47.33935
1075.0, 274.9204, 46.93664
1080.0, 272.5900, 46.53878
1085.0, 270.2875, 46.14568
1090.0, 268.0126, 45.75729
1095.0, 265.7650, 45.37355
1100.0, 263.5442, 44.99439
1105.0, 261.3498, 44.61976
1110.0, 259.1817, 44.24959
1115.0, 257.0393, 43.88383
1120.0, 254.9223, 43.52240
1125.0, 252.8305, 43.16527
1130.0, 250.7634, 42.81235
1135.0, 248.7207, 42.46361
1140.0, 246.7021, 42.11898
1145.0, 244.7072, 41.77840
1150.0, 242.7358, 41.44182
1155.0, 240.7874, 41.10918
1160.0, 238.8618, 40.78043
1165.0, 236.9587, 40.45551
1170.0, 235.0778, 40.13438
1175.0, 233.2186, 39.81698
1180.0, 231.3811, 39.50325
1185.0, 229.5647, 39.19315
1190.0, 227.7693, 38.88662
1195.0, 225.9946, 38.58362
1200.0, 224.2402, 38.28410
1205.0, 222.5058, 37.98800
1210.0, 220.7913, 37.69528
1215.0, 219.0963, 37.40590
1220.0, 217.4206, 37.11980
1225.0, 215.7638, 36.83694
1230.0, 214.1257, 36.55728
1235.0, 212.5061, 36.28077
1240.0, 210.9047, 36.00737
1245.0, 209.3213, 35.73702
1250.0, 207.7555, 35.46971
1255.0, 206.2072, 35.20537
1260.0, 204.6761, 34.94397
1265.0, 203.1620, 34.68546
1270.0, 201.6646, 34.42982
1275.0, 200.1837, 34.17699
1280.0, 198.7191, 33.92694
1285.0, 197.2706, 33.67963
1290.0, 195.8378, 33.43502
1295.0, 194.4207, 33.19308
1300.0, 193.0190, 32.95377
1305.0, 191.6325, 32.71706
1310.0, 190.2610, 32.48290
1315.0, 188.9042, 32.25126
1320.0, 187.5621, 32.02212
1325.0, 186.2343, 31.79542
1330.0, 184.9207, 31.57115
1335.0, 183.6210, 31.34927
1340.0, 182.3352, 31.12975
1345.0, 181.0630, 30.91255
1350.0, 179.8043, 30.69764
1355.0, 178.5587, 30.48500
1360.0, 177.3263, 30.27458
1365.0, 176.1067, 30.06637
1370.0, 174.8999, 29.86033
1375.0, 173.7057, 29.65644
1380.0, 172.5238, 29.45466
1385.0, 171.3542, 29.25497
1390.0, 170.1966, 29.05734
1395.0, 169.0509, 28.86174
1400.0, 167.9170, 28.66815
1405.0, 166.7946, 28.47653
1410.0, 165.6838, 28.28687
1415.0, 164.5841, 28.09914
1420.0, 163.4957, 27.91331
1425.0, 162.4182, 27.72936
1430.0, 161.3516, 27.54726
1435.0, 160.2957, 27.36699
1440.0, 159.2504, 27.18852
1445.0, 158.2155, 27.01184
1450.0, 157.1910, 26.83691
1455.0, 156.1766, 26.66373
1460.0, 155.1722, 26.49225
1465.0, 154.1777, 26.32247
1470.0, 153.1931, 26.15437
1475.0, 152.2181, 25.98791
1480.0, 151.2526, 25.82308
1485.0, 150.2966, 25.65985
1490.0, 149.3498, 25.49821
1495.0, 148.4123, 25.33815
1500.0, 147.4838, 25.17963
1505.0, 146.5643, 25.02264
1510.0, 145.6536, 24.86716
1515.0, 144.7516, 24.71317
1520.0, 143.8582, 24.56065
1525.0, 142.9734, 24.40958
1530.0, 142.0970, 24.25995
1535.0, 141.2289, 24.11174
1540.0, 140.3690, 23.96493
1545.0, 139.5172, 23.81950
1550.0, 138.6733, 23.67544
1555.0, 137.8374, 23.53273
1560.0, 137.0094, 23.39135
1565.0, 136.1890, 23.25128
1570.0, 135.3762, 23.11252
1575.0, 134.5710, 22.97505
1580.0, 133.7732, 22.83884
1585.0, 132.9827, 22.70389
1590.0, 132.1995, 22.57018
1595.0, 131.4235, 22.43769
1600.0, 130.6546, 22.30641
1605.0, 129.8927, 22.17633
1610.0, 129.1377, 22.04743
1615.0, 128.3895, 21.91969
1620.0, 127.6481, 21.79311
1625.0, 126.9133, 21.66767
1630.0, 126.1852, 21.54336
1635.0, 125.4635, 21.42015
1640.0, 124.7484, 21.29805
1645.0, 124.0395, 21.17704
1650.0, 123.3370, 21.05710
1655.0, 122.6407, 20.93822
1660.0, 121.9506, 20.82039
1665.0, 121.2665, 20.70360
1670.0, 120.5884, 20.58783
1675.0, 119.9163, 20.47308
1680.0, 119.2500, 20.35933
1685.0, 118.5896, 20.24658
1690.0, 117.9349, 20.13480
1695.0, 117.2858, 20.02399
1700.0, 116.6424, 19.91413
1705.0, 116.0045, 19.80523
1710.0, 115.3721, 19.69725
1715.0, 114.7451, 19.59021
1720.0, 114.1234, 19.48408
1725.0, 113.5071, 19.37885
1730.0, 112.8960, 19.27452
1735.0, 112.2901, 19.17107
1740.0, 111.6892, 19.06849
1745.0, 111.0935, 18.96678
1750.0, 110.5028, 18.86593
1755.0, 109.9170, 18.76592
1760.0, 109.3361, 18.66675
1765.0, 108.7601, 18.56841
1770.0, 108.1889, 18.47088
1775.0, 107.6224, 18.37416
1780.0, 107.0606, 18.27825
1785.0, 106.5034, 18.18312
1790.0, 105.9508, 18.08878
1795.0, 105.4028, 17.99521
1800.0, 104.8592, 17.90241
1805.0, 104.3201, 17.81037
1810.0, 103.7853, 17.71908
1815.0, 103.2550, 17.62852
1820.0, 102.7289, 17.53870
1825.0, 102.2070, 17.44961
1830.0, 101.6894, 17.36124
1835.0, 101.1760, 17.27358
1840.0, 100.6666, 17.18662
1845.0, 100.1613, 17.10035
1850.0, 99.6601, 17.01478
1855.0, 99.1628, 16.92988
1860.0, 98.6695, 16.84566
1865.0, 98.1802, 16.76211
1870.0, 97.6946, 16.67922
1875.0, 97.2129, 16.59698
1880.0, 96.7350, 16.51538
1885.0, 96.2608, 16.43443
1890.0, 95.7904, 16.35411
1895.0, 95.3236, 16.27441
1900.0, 94.8604, 16.19534
1905.0, 94.4008, 16.11688
1910.0, 93.9448, 16.03902
1915.0, 93.4923, 15.96177
1920.0, 93.0433, 15.88511
1925.0, 92.5978, 15.80904
1930.0, 92.1556, 15.73356
1935.0, 91.7169, 15.65865
1940.0, 91.2815, 15.58431
1945.0, 90.8494, 15.51054
1950.0, 90.4205, 15.43733
1955.0, 89.9950, 15.36467
1960.0, 89.5726, 15.29256
1965.0, 89.1534, 15.22099
1970.0, 88.7374, 15.14997
1975.0, 88.3245, 15.07947
1980.0, 87.9146, 15.00950
1985.0, 87.5079, 14.94006
1990.0, 87.1041, 14.87113
1995.0, 86.7034, 14.80271
2000.0, 86.3056, 14.73480
2005.0, 85.9108, 14.66739
2010.0, 85.5189, 14.60048
2015.0, 85.1298, 14.53405
2020.0, 84.7437, 14.46812
2025.0, 84.3603, 14.40267
2030.0, 83.9797, 14.33770
2035.0, 83.6019, 14.27320
2040.0, 83.2269, 14.20917
2045.0, 82.8546, 14.14560
2050.0, 82.4850, 14.08250
2055.0, 82.1180, 14.01985
2060.0, 81.7537, 13.95765
2065.0, 81.3919, 13.89589
2070.0, 81.0328, 13.83458
2075.0, 80.6763, 13.77371
2080.0, 80.3223, 13.71327
2085.0, 79.9708, 13.65326
2090.0, 79.6218, 13.59368
2095.0, 79.2753, 13.53452
2100.0, 78.9312, 13.47577
2105.0, 78.5895, 13.41744
2110.0, 78.2503, 13.35952
2115.0, 77.9134, 13.30202
2120.0, 77.5789, 13.24490
2125.0, 77.2468, 13.18819
2130.0, 76.9169, 13.13187
2135.0, 76.5893, 13.07595
2140.0, 76.2640, 13.02042
2145.0, 75.9410, 12.96526
2150.0, 75.6202, 12.91049
2155.0, 75.3016, 12.85610
2160.0, 74.9852, 12.80208
2165.0, 74.6709, 12.74843
2170.0, 74.3589, 12.69515
2175.0, 74.0489, 12.64223
2180.0, 73.7411, 12.58967
2185.0, 73.4353, 12.53747
2190.0, 73.1316, 12.48563
2195.0, 72.8300, 12.43413
2200.0, 72.5305, 12.38299
2205.0, 72.2329, 12.33218
2210.0, 71.9373, 12.28172
2215.0, 71.6437, 12.23160
2220.0, 71.3521, 12.18181
2225.0, 71.0624, 12.13236
2230.0, 70.7747, 12.08323
2235.0, 70.4889, 12.03443
2240.0, 70.2049, 11.98596
2245.0, 69.9229, 11.93780
2250.0, 69.6427, 11.88996
2255.0, 69.3644, 11.84245
2260.0, 69.0878, 11.79524
2265.0, 68.8132, 11.74834
2270.0, 68.5403, 11.70175
2275.0, 68.2691, 11.65546
2280.0, 67.9998, 11.60948
2285.0, 67.7322, 11.56379
2290.0, 67.4664, 11.51840
2295.0, 67.2022, 11.47331
2300.0, 66.9398, 11.42850
2305.0, 66.6791, 11.38399
2310.0, 66.4200, 11.33977
2315.0, 66.1626, 11.29582
2320.0, 65.9069, 11.25216
2325.0, 65.6528, 11.20878
2330.0, 65.4003, 11.16567
2335.0, 65.1494, 11.12284
2340.0, 64.9002, 11.08028
2345.0, 64.6525, 11.03799
2350.0, 64.4063, 10.99597
2355.0, 64.1618, 10.95422
2360.0, 63.9187, 10.91272
2365.0, 63.6772, 10.87149
2370.0, 63.4373, 10.83052
2375.0, 63.1988, 10.78981
2380.0, 62.9618, 10.74934
2385.0, 62.7263, 10.70913
2390.0, 62.4922, 10.66917
2395.0, 62.2596, 10.62946
2400.0, 62.0285, 10.59000
2405.0, 61.7988, 10.55078
2410.0, 61.5704, 10.51180
2415.0, 61.3436, 10.47307
2420.0, 61.1181, 10.43457
2425.0, 60.8940, 10.39631
2430.0, 60.6712, 10.35828
2435.0, 60.4498, 10.32048
2440.0, 60.2298, 10.28291
2445.0, 60.0111, 10.24558
2450.0, 59.7938, 10.20847
2455.0, 59.5777, 10.17158
2460.0, 59.3630, 10.13493
2465.0, 59.1495, 10.09848
2470.0, 58.9374, 10.06226
2475.0, 58.7265, 10.02626
2480.0, 58.5169, 9.99048
2485.0, 58.3085, 9.95490
2490.0, 58.1014, 9.91954
2495.0, 57.8955, 9.88439
2500.0, 57.6909, 9.84946
