mode, Pcr_kN, Pcr_kips, fcr_MPa, fcr_ksi, class, rigid_body_fraction, webflange_corner_ratio, flangelip_corner_ratio, liptip_ratio, hole_energy_fraction, hole_displacement_ratio, web_halfwaves, liptip_halfwaves, liptip_halfwaves_seg1, liptip_halfwaves_seg2, global_description
1, 15.9511, 3.5860, 93.430, 13.5509, local, 0.170, 0.012, 0.037, 0.071, 0.003, 0.06, 6, 8, 4, 4, 
2, 15.9511, 3.5860, 93.430, 13.5509, local, 0.169, 0.012, 0.037, 0.071, 0.003, 0.06, 5, 7, 4, 4, 
3, 16.9353, 3.8072, 99.195, 14.3870, local, 0.169, 0.012, 0.053, 0.084, 0.008, 0.14, 14, 16, 8, 8, 
4, 16.9360, 3.8074, 99.198, 14.3875, local, 0.169, 0.013, 0.050, 0.083, 0.008, 0.14, 13, 15, 8, 8, 
5, 16.9540, 3.8114, 99.304, 14.4028, local, 0.169, 0.015, 0.055, 0.092, 0.007, 0.16, 14, 16, 8, 8, 
6, 16.9541, 3.8114, 99.304, 14.4029, local, 0.169, 0.015, 0.055, 0.092, 0.007, 0.15, 13, 15, 8, 8, 
7, 17.4267, 3.9177, 102.073, 14.8044, local, 0.169, 0.012, 0.015, 0.073, 0.034, 0.30, 7, 7, 7, 6, 
8, 17.4272, 3.9178, 102.076, 14.8049, local, 0.169, 0.012, 0.015, 0.073, 0.034, 0.30, 7, 7, 7, 7, 
9, 17.4832, 3.9304, 102.404, 14.8524, local, 0.169, 0.013, 0.066, 0.090, 0.008, 0.12, 6, 10, 5, 5, 
10, 17.4945, 3.9329, 102.470, 14.8620, local, 0.172, 0.018, 0.025, 0.084, 0.009, 0.17, 7, 9, 5, 5, 
11, 17.9732, 4.0405, 105.274, 15.2686, local, 0.169, 0.015, 0.032, 0.073, 0.039, 0.35, 22, 24, 12, 12, 
12, 17.9743, 4.0408, 105.280, 15.2696, local, 0.169, 0.013, 0.033, 0.072, 0.039, 0.35, 21, 25, 13, 13, 
13, 18.0544, 4.0588, 105.750, 15.3377, local, 0.188, 0.038, 0.152, 0.179, 0.031, 0.35, 14, 6, 3, 3, 
14, 18.0572, 4.0594, 105.766, 15.3401, local, 0.171, 0.030, 0.157, 0.182, 0.031, 0.35, 15, 13, 7, 7, 
15, 18.4733, 4.1530, 108.203, 15.6935, local, 0.168, 0.013, 0.026, 0.073, 0.046, 0.35, 18, 12, 6, 6, 
16, 18.5658, 4.1738, 108.745, 15.7721, local, 0.158, 0.014, 0.125, 0.138, 0.034, 0.28, 7, 9, 5, 5, 
17, 18.9465, 4.2593, 110.974, 16.0955, local, 0.160, 0.046, 0.329, 0.382, 0.095, 0.89, 18, 4, 2, 2, 
18, 18.9548, 4.2612, 111.023, 16.1026, local, 0.160, 0.044, 0.316, 0.367, 0.098, 0.87, 17, 3, 2, 2, 
19, 19.2895, 4.3365, 112.984, 16.3869, local, 0.161, 0.025, 0.175, 0.204, 0.192, 1.33, 19, 11, 6, 6, 
20, 19.3012, 4.3391, 113.052, 16.3968, local, 0.154, 0.025, 0.186, 0.224, 0.164, 1.36, 20, 4, 2, 2, 
21, 19.5574, 4.3967, 114.553, 16.6145, local, 0.157, 0.045, 0.304, 0.346, 0.145, 1.77, 35, 5, 3, 3, 
22, 19.5605, 4.3974, 114.571, 16.6171, local, 0.143, 0.047, 0.338, 0.381, 0.109, 1.42, 20, 4, 2, 2, 
23, 19.8521, 4.4629, 116.279, 16.8649, local, 0.157, 0.032, 0.241, 0.270, 0.182, 0.92, 17, 11, 6, 6, 
24, 19.9412, 4.4830, 116.801, 16.9406, local, 0.196, 0.057, 0.343, 0.393, 0.147, 1.82, 18, 6, 3, 3, 
25, 20.1340, 4.5263, 117.930, 17.1043, local, 0.148, 0.029, 0.280, 0.318, 0.185, 1.15, 17, 13, 7, 7, 
26, 20.1629, 4.5328, 118.099, 17.1289, local-hole, 0.186, 0.040, 0.238, 0.267, 0.234, 2.47, 34, 10, 5, 5, 
27, 20.3024, 4.5642, 118.916, 17.2474, local-hole, 0.159, 0.036, 0.237, 0.265, 0.152, 2.03, 23, 13, 7, 7, 
28, 20.4452, 4.5963, 119.753, 17.3687, local-hole, 0.479, 0.021, 0.217, 0.245, 0.284, 4.08, 18, 4, 2, 2, 
29, 20.4467, 4.5966, 119.762, 17.3700, local-hole, 0.458, 0.023, 0.215, 0.243, 0.293, 4.11, 18, 3, 2, 2, 
30, 20.4657, 4.6009, 119.873, 17.3861, local, 0.179, 0.046, 0.274, 0.325, 0.155, 1.01, 20, 8, 4, 4, 
31, 20.6975, 4.6530, 121.231, 17.5831, local-hole, 0.161, 0.029, 0.186, 0.205, 0.232, 2.36, 24, 4, 2, 2, 
32, 20.8864, 4.6955, 122.337, 17.7435, local-hole, 0.099, 0.011, 0.190, 0.216, 0.272, 2.60, 15, 11, 6, 6, 
33, 21.1351, 4.7514, 123.794, 17.9548, local-hole, 0.529, 0.018, 0.226, 0.253, 0.268, 3.94, 16, 4, 2, 2, 
34, 21.1936, 4.7645, 124.136, 18.0045, local, 0.176, 0.033, 0.178, 0.207, 0.206, 1.42, 16, 8, 4, 4, 
35, 21.2648, 4.7805, 124.553, 18.0649, local-hole, 0.328, 0.023, 0.190, 0.218, 0.332, 4.58, 15, 7, 4, 4, 
36, 21.2663, 4.7808, 124.562, 18.0662, local-hole, 0.234, 0.022, 0.188, 0.216, 0.304, 3.53, 15, 3, 2, 2, 
37, 21.3890, 4.8084, 125.281, 18.1705, local-hole, 0.367, 0.013, 0.038, 0.044, 0.854, 22.84, 21, 8, 4, 4, 
38, 21.3895, 4.8086, 125.284, 18.1709, local-hole, 0.287, 0.009, 0.035, 0.045, 0.849, 22.10, 18, 7, 4, 4, 
39, 21.9435, 4.9331, 128.529, 18.6415, local, 0.162, 0.016, 0.111, 0.134, 0.119, 0.71, 16, 15, 8, 8, 
40, 21.9456, 4.9336, 128.541, 18.6433, local, 0.168, 0.020, 0.113, 0.139, 0.124, 0.72, 15, 14, 7, 7, 
41, 22.1370, 4.9766, 129.663, 18.8060, local-hole, 0.503, 0.015, 0.045, 0.052, 0.840, 19.25, 31, 8, 4, 4, 
42, 22.1386, 4.9770, 129.672, 18.8073, local-hole, 0.426, 0.012, 0.046, 0.054, 0.840, 18.69, 26, 7, 4, 4, 
43, 22.6099, 5.0829, 132.432, 19.2077, local, 0.172, 0.037, 0.161, 0.193, 0.115, 0.88, 14, 16, 8, 8, 
44, 22.6769, 5.0980, 132.825, 19.2646, local, 0.158, 0.016, 0.147, 0.188, 0.107, 0.82, 23, 13, 7, 7, 
45, 22.6899, 5.1009, 132.901, 19.2756, local, 0.160, 0.029, 0.149, 0.179, 0.128, 0.84, 17, 11, 6, 6, 
46, 22.8282, 5.1320, 133.711, 19.3931, local, 0.177, 0.035, 0.152, 0.178, 0.121, 1.00, 22, 16, 8, 8, 
47, 23.3593, 5.2514, 136.822, 19.8443, local, 0.160, 0.013, 0.081, 0.097, 0.110, 0.67, 12, 10, 5, 5, 
48, 23.5076, 5.2847, 137.690, 19.9703, local, 0.157, 0.034, 0.196, 0.237, 0.123, 0.94, 29, 11, 6, 6, 
49, 24.2123, 5.4431, 141.818, 20.5690, local, 0.128, 0.044, 0.293, 0.338, 0.161, 1.12, 18, 6, 3, 3, 
50, 24.2751, 5.4573, 142.186, 20.6223, local, 0.143, 0.040, 0.262, 0.301, 0.164, 1.08, 23, 5, 3, 3, 
51, 25.0428, 5.6298, 146.682, 21.2745, local, 0.138, 0.058, 0.371, 0.437, 0.145, 1.31, 30, 4, 2, 2, 
52, 25.2564, 5.6779, 147.933, 21.4559, local, 0.146, 0.053, 0.341, 0.377, 0.139, 1.02, 39, 7, 4, 4, 
53, 25.7670, 5.7926, 150.924, 21.8897, local, 0.266, 0.096, 0.341, 0.401, 0.121, 1.09, 32, 4, 2, 2, 
54, 26.1854, 5.8867, 153.375, 22.2451, local, 0.195, 0.071, 0.365, 0.433, 0.075, 0.74, 37, 3, 2, 2, 
55, 26.4577, 5.9479, 154.970, 22.4764, distortional, 0.229, 0.114, 0.515, 0.599, 0.066, 0.89, 30, 10, 5, 5, 
56, 26.9340, 6.0550, 157.760, 22.8811, local, 0.176, 0.046, 0.283, 0.317, 0.067, 0.60, 15, 3, 2, 2, 
57, 27.1938, 6.1134, 159.282, 23.1018, distortional, 0.128, 0.064, 0.515, 0.584, 0.102, 1.38, 21, 5, 3, 3, 
58, 27.3180, 6.1413, 160.009, 23.2073, distortional, 0.134, 0.071, 0.528, 0.599, 0.085, 1.62, 20, 4, 2, 2, 
59, 28.1781, 6.3347, 165.046, 23.9380, local, 0.135, 0.070, 0.476, 0.543, 0.143, 1.43, 16, 6, 3, 3, 
60, 28.3188, 6.3663, 165.871, 24.0575, local, 0.202, 0.069, 0.294, 0.302, 0.114, 0.81, 23, 11, 6, 6, 
61, 28.6038, 6.4304, 167.540, 24.2996, local, 0.246, 0.104, 0.433, 0.496, 0.081, 0.88, 26, 8, 4, 4, 
62, 29.0506, 6.5308, 170.157, 24.6792, local, 0.159, 0.061, 0.342, 0.383, 0.130, 1.28, 39, 5, 3, 3, 
63, 29.5252, 6.6375, 172.937, 25.0824, local-hole, 0.631, 0.055, 0.372, 0.413, 0.155, 2.42, 11, 4, 2, 3, 
64, 29.5289, 6.6384, 172.959, 25.0855, local-hole, 0.486, 0.030, 0.355, 0.401, 0.198, 2.49, 20, 3, 2, 2, 
65, 29.5698, 6.6476, 173.198, 25.1203, local, 0.166, 0.027, 0.205, 0.238, 0.191, 1.05, 11, 15, 8, 8, 
66, 29.5961, 6.6535, 173.352, 25.1426, local, 0.357, 0.135, 0.496, 0.549, 0.089, 1.18, 32, 2, 1, 1, 
67, 30.1907, 6.7871, 176.835, 25.6478, distortional, 0.178, 0.095, 0.613, 0.659, 0.054, 0.93, 15, 5, 3, 3, 
68, 30.5111, 6.8592, 178.712, 25.9199, local-hole, 0.792, 0.108, 0.443, 0.472, 0.101, 2.12, 14, 4, 2, 2, 
69, 30.5423, 6.8662, 178.894, 25.9464, distortional, 0.232, 0.144, 0.682, 0.749, 0.081, 1.11, 46, 4, 2, 3, 
70, 30.6754, 6.8961, 179.674, 26.0595, local-hole, 0.406, 0.039, 0.305, 0.353, 0.265, 2.83, 46, 2, 1, 2, 
71, 30.9925, 6.9674, 181.531, 26.3289, distortional, 0.152, 0.115, 0.750, 0.821, 0.065, 0.96, 33, 3, 2, 2, 
72, 31.5013, 7.0818, 184.512, 26.7611, distortional, 0.159, 0.127, 0.719, 0.788, 0.067, 0.95, 36, 4, 2, 2, 
73, 32.3087, 7.2633, 189.241, 27.4471, local, 0.146, 0.058, 0.338, 0.355, 0.130, 1.40, 45, 5, 3, 3, 
74, 32.6349, 7.3366, 191.151, 27.7241, distortional, 0.180, 0.148, 0.844, 0.932, 0.103, 1.05, 38, 10, 5, 5, 
75, 33.2732, 7.4801, 194.890, 28.2664, local, 0.149, 0.062, 0.344, 0.377, 0.126, 1.25, 31, 5, 3, 3, 
76, 33.6971, 7.5754, 197.373, 28.6265, local, 0.213, 0.086, 0.341, 0.370, 0.119, 1.16, 22, 2, 1, 1, 
77, 34.7342, 7.8086, 203.448, 29.5076, local, 0.228, 0.092, 0.420, 0.455, 0.065, 0.72, 29, 3, 2, 2, 
78, 34.9640, 7.8602, 204.793, 29.7028, local, 0.208, 0.104, 0.410, 0.457, 0.091, 0.92, 12, 6, 3, 3, 
79, 35.2539, 7.9254, 206.492, 29.9491, global, 0.999, 0.628, 1.000, 0.927, 0.017, 0.48, 11, 2, 1, 1, strong-axis flexure + torsion
80, 35.3239, 7.9411, 206.901, 30.0085, local, 0.183, 0.110, 0.450, 0.487, 0.044, 0.61, 11, 7, 4, 4, 
81, 35.6750, 8.0201, 208.958, 30.3068, distortional, 0.170, 0.089, 0.574, 0.611, 0.032, 0.63, 20, 6, 3, 3, 
82, 35.7240, 8.0311, 209.245, 30.3484, local-hole, 0.244, 0.020, 0.095, 0.114, 0.683, 5.79, 22, 9, 5, 4, 
83, 35.7371, 8.0340, 209.322, 30.3596, global, 0.997, 0.458, 0.755, 0.701, 0.027, 1.32, 5, 2, 1, 1, strong-axis flexure + torsion
84, 36.0405, 8.1022, 211.099, 30.6173, distortional, 0.152, 0.103, 0.831, 0.904, 0.031, 0.77, 9, 5, 3, 3, 
85, 36.1945, 8.1369, 212.001, 30.7481, distortional, 0.139, 0.109, 0.800, 0.872, 0.021, 0.64, 10, 6, 3, 3, 
86, 36.5076, 8.2072, 213.834, 31.0141, distortional, 0.170, 0.219, 0.935, 1.000, 0.015, 0.41, 5, 5, 3, 3, 
87, 36.7239, 8.2559, 215.102, 31.1978, distortional, 0.133, 0.115, 0.922, 1.000, 0.013, 0.60, 6, 6, 3, 3, 
88, 36.9738, 8.3120, 216.565, 31.4101, local-hole, 0.296, 0.023, 0.057, 0.090, 0.716, 6.82, 8, 8, 4, 5, 
89, 36.9763, 8.3126, 216.580, 31.4122, local-hole, 0.978, 0.144, 0.263, 0.247, 0.134, 3.79, 11, 6, 3, 3, 
90, 37.2514, 8.3745, 218.192, 31.6460, local, 0.174, 0.074, 0.485, 0.502, 0.036, 0.66, 21, 7, 4, 4, 
91, 37.7469, 8.4858, 221.093, 32.0669, distortional, 0.128, 0.100, 0.647, 0.682, 0.059, 0.98, 18, 6, 3, 3, 
92, 38.6544, 8.6899, 226.409, 32.8379, distortional, 0.147, 0.121, 0.612, 0.650, 0.027, 0.63, 15, 7, 4, 4, 
93, 39.2031, 8.8132, 229.623, 33.3040, distortional, 0.162, 0.133, 0.904, 0.990, 0.029, 0.63, 4, 4, 2, 2, 
94, 39.5238, 8.8853, 231.501, 33.5764, distortional, 0.160, 0.127, 0.839, 0.909, 0.026, 0.60, 12, 4, 2, 2, 
95, 40.0717, 9.0085, 234.711, 34.0419, local, 0.174, 0.033, 0.232, 0.234, 0.150, 0.85, 53, 25, 13, 13, 
96, 40.5132, 9.1077, 237.297, 34.4170, distortional, 0.135, 0.098, 0.643, 0.688, 0.090, 1.11, 26, 6, 3, 3, 
97, 41.4747, 9.3239, 242.928, 35.2338, distortional, 0.149, 0.095, 0.596, 0.655, 0.067, 1.18, 35, 7, 4, 4, 
98, 41.8510, 9.4085, 245.132, 35.5534, distortional, 0.188, 0.135, 0.808, 0.855, 0.055, 1.00, 16, 4, 2, 2, 
99, 42.1035, 9.4653, 246.612, 35.7680, distortional, 0.227, 0.185, 0.685, 0.760, 0.050, 0.68, 11, 5, 3, 3, 
100, 42.9149, 9.6477, 251.364, 36.4573, distortional, 0.204, 0.151, 0.695, 0.769, 0.082, 1.30, 16, 6, 3, 3, 
101, 43.0979, 9.6888, 252.436, 36.6128, distortional, 0.179, 0.196, 0.947, 0.996, 0.090, 1.00, 11, 3, 2, 2, 
102, 43.4760, 9.7738, 254.651, 36.9339, distortional, 0.171, 0.136, 0.776, 0.840, 0.069, 1.09, 7, 5, 3, 3, 
103, 43.8671, 9.8617, 256.941, 37.2662, distortional, 0.123, 0.091, 0.615, 0.662, 0.114, 1.45, 14, 6, 3, 3, 
104, 44.6839, 10.0453, 261.725, 37.9600, distortional, 0.107, 0.136, 0.699, 0.729, 0.125, 1.37, 13, 7, 4, 4, 
105, 44.8734, 10.0879, 262.835, 38.1211, distortional, 0.334, 0.231, 0.759, 0.817, 0.114, 1.13, 20, 4, 2, 2, 
106, 45.0628, 10.1305, 263.945, 38.2820, distortional, 0.157, 0.170, 0.764, 0.837, 0.138, 1.19, 12, 4, 2, 2, 
107, 46.1183, 10.3678, 270.127, 39.1786, distortional, 0.286, 0.234, 0.898, 1.000, 0.018, 0.49, 7, 3, 2, 2, 
108, 46.7354, 10.5065, 273.741, 39.7028, global, 0.854, 0.591, 0.754, 0.865, 0.040, 0.65, 2, 2, 1, 1, weak-axis flexure
109, 47.2613, 10.6248, 276.822, 40.1497, local, 0.366, 0.304, 0.954, 1.000, 0.039, 0.77, 7, 3, 2, 2, 
110, 47.3392, 10.6423, 277.278, 40.2158, local, 0.498, 0.067, 0.427, 0.519, 0.136, 1.93, 7, 3, 2, 2, 
111, 47.3448, 10.6435, 277.311, 40.2206, local-hole, 0.454, 0.077, 0.373, 0.480, 0.184, 2.08, 9, 4, 3, 2, 
112, 48.0116, 10.7934, 281.216, 40.7870, global, 0.941, 0.765, 0.822, 0.910, 0.059, 0.81, 2, 2, 1, 1, weak-axis flexure
113, 48.6216, 10.9306, 284.789, 41.3052, local, 0.559, 0.303, 0.707, 0.774, 0.078, 1.04, 16, 4, 2, 2, 
114, 48.8113, 10.9732, 285.901, 41.4664, local, 0.456, 0.070, 0.388, 0.500, 0.167, 2.00, 35, 4, 3, 1, 
115, 48.8430, 10.9803, 286.087, 41.4934, local, 0.218, 0.080, 0.361, 0.427, 0.138, 1.42, 33, 5, 2, 4, 
116, 48.8525, 10.9825, 286.142, 41.5014, local-hole, 0.377, 0.054, 0.335, 0.447, 0.213, 2.24, 31, 5, 3, 3, 
117, 49.2311, 11.0676, 288.359, 41.8230, local, 0.149, 0.028, 0.021, 0.278, 0.001, 0.03, 15, 11, 6, 6, 
118, 49.2312, 11.0676, 288.360, 41.8231, local, 0.151, 0.028, 0.022, 0.278, 0.002, 0.04, 16, 10, 5, 5, 
119, 49.9561, 11.2306, 292.606, 42.4390, distortional, 0.227, 0.209, 0.705, 0.801, 0.095, 1.13, 12, 8, 4, 4, 
120, 50.1803, 11.2810, 293.920, 42.6294, local, 0.388, 0.342, 0.845, 0.944, 0.044, 1.00, 5, 3, 2, 2, 
121, 50.3390, 11.3166, 294.849, 42.7642, distortional, 0.281, 0.184, 0.632, 0.702, 0.099, 1.13, 10, 4, 2, 2, 
122, 50.8049, 11.4214, 297.578, 43.1600, local, 0.392, 0.324, 0.861, 1.000, 0.053, 0.79, 7, 3, 2, 2, 
123, 51.4652, 11.5698, 301.445, 43.7209, global, 0.654, 0.274, 0.527, 0.592, 0.080, 1.32, 16, 2, 1, 1, weak-axis flexure
124, 51.6376, 11.6086, 302.455, 43.8675, local, 0.207, 0.042, 0.105, 0.360, 0.032, 0.35, 9, 29, 15, 15, 
125, 51.6392, 11.6089, 302.464, 43.8688, local, 0.207, 0.041, 0.074, 0.369, 0.033, 0.37, 9, 32, 16, 16, 
126, 51.7057, 11.6239, 302.854, 43.9253, distortional, 0.135, 0.085, 0.687, 0.738, 0.122, 1.13, 9, 9, 5, 5, 
127, 51.9940, 11.6887, 304.543, 44.1702, local, 0.173, 0.032, 0.051, 0.366, 0.007, 0.21, 9, 25, 16, 18, 
128, 51.9943, 11.6888, 304.544, 44.1704, local, 0.173, 0.032, 0.046, 0.366, 0.007, 0.20, 11, 23, 16, 17, 
129, 52.0813, 11.7084, 305.054, 44.2444, local, 0.176, 0.033, 0.103, 0.394, 0.009, 0.25, 11, 36, 22, 23, 
130, 52.0817, 11.7084, 305.056, 44.2447, local, 0.176, 0.032, 0.105, 0.396, 0.009, 0.26, 9, 37, 21, 22, 
131, 52.6584, 11.8381, 308.434, 44.7346, local, 0.190, 0.045, 0.081, 0.432, 0.025, 0.33, 14, 49, 25, 25, 
132, 52.6729, 11.8413, 308.519, 44.7470, local, 0.181, 0.035, 0.109, 0.418, 0.026, 0.37, 12, 50, 26, 24, 
133, 52.7879, 11.8672, 309.193, 44.8446, distortional, 0.178, 0.200, 0.768, 0.793, 0.103, 1.11, 15, 7, 4, 4, 
134, 52.8948, 11.8912, 309.819, 44.9354, local, 0.181, 0.038, 0.118, 0.383, 0.016, 0.29, 10, 47, 24, 24, 
135, 52.9107, 11.8948, 309.912, 44.9490, local, 0.190, 0.036, 0.114, 0.401, 0.019, 0.30, 9, 44, 22, 22, 
136, 52.9922, 11.9131, 310.389, 45.0182, local, 0.196, 0.037, 0.091, 0.473, 0.021, 0.28, 24, 42, 21, 21, 
137, 53.0206, 11.9195, 310.556, 45.0423, local, 0.188, 0.060, 0.123, 0.458, 0.032, 0.55, 19, 43, 22, 22, 
138, 53.0824, 11.9334, 310.918, 45.0948, local, 0.228, 0.107, 0.305, 0.483, 0.093, 0.71, 12, 36, 18, 18, 
139, 53.0866, 11.9343, 310.942, 45.0984, local, 0.310, 0.177, 0.414, 0.486, 0.152, 1.22, 12, 17, 11, 7, 
140, 53.0900, 11.9351, 310.962, 45.1012, local, 0.297, 0.171, 0.417, 0.476, 0.154, 1.26, 14, 15, 7, 9, 
141, 53.5267, 12.0333, 313.520, 45.4723, local, 0.234, 0.050, 0.126, 0.488, 0.036, 0.47, 11, 46, 23, 23, 
142, 53.6964, 12.0714, 314.514, 45.6165, global, 0.784, 0.351, 0.457, 0.502, 0.120, 1.15, 10, 2, 1, 1, weak-axis flexure
143, 53.7886, 12.0922, 315.054, 45.6948, local, 0.214, 0.047, 0.117, 0.458, 0.032, 0.33, 9, 20, 9, 12, 
144, 53.8352, 12.1026, 315.327, 45.7343, distortional, 0.245, 0.142, 0.519, 0.548, 0.147, 1.18, 15, 5, 3, 3, 
145, 53.9344, 12.1249, 315.908, 45.8186, local, 0.232, 0.083, 0.140, 0.432, 0.058, 0.68, 17, 43, 22, 22, 
146, 54.0570, 12.1525, 316.626, 45.9228, local, 0.194, 0.041, 0.143, 0.429, 0.048, 0.73, 10, 48, 24, 24, 
147, 54.6291, 12.2811, 319.977, 46.4088, local, 0.196, 0.065, 0.131, 0.482, 0.060, 0.71, 6, 49, 25, 25, 
148, 54.7357, 12.3051, 320.602, 46.4993, local, 0.189, 0.040, 0.152, 0.446, 0.043, 0.51, 16, 46, 23, 23, 
149, 54.9662, 12.3569, 321.952, 46.6952, local, 0.204, 0.052, 0.182, 0.463, 0.051, 0.64, 56, 45, 23, 23, 
150, 54.9788, 12.3597, 322.025, 46.7058, local, 0.195, 0.041, 0.099, 0.386, 0.051, 0.53, 20, 40, 20, 20, 
151, 55.1097, 12.3892, 322.792, 46.8171, local, 0.241, 0.064, 0.171, 0.504, 0.038, 0.44, 54, 41, 22, 20, 
152, 55.1332, 12.3944, 322.930, 46.8370, distortional, 0.184, 0.182, 0.719, 0.779, 0.113, 1.22, 50, 4, 2, 2, 
153, 55.6491, 12.5104, 325.951, 47.2753, distortional, 0.380, 0.218, 0.696, 0.772, 0.077, 1.24, 35, 3, 2, 2, 
154, 55.6933, 12.5204, 326.211, 47.3129, local, 0.196, 0.033, 0.117, 0.492, 0.046, 0.45, 30, 30, 15, 15, 
155, 55.9784, 12.5845, 327.881, 47.5551, local, 0.199, 0.051, 0.135, 0.451, 0.060, 0.64, 3, 44, 21, 23, 
156, 56.1042, 12.6127, 328.617, 47.6619, local, 0.190, 0.043, 0.077, 0.473, 0.058, 0.70, 5, 41, 21, 21, 
157, 56.4543, 12.6914, 330.668, 47.9593, local, 0.193, 0.056, 0.174, 0.545, 0.084, 0.85, 5, 58, 30, 28, 
158, 56.4995, 12.7016, 330.933, 47.9977, local, 0.434, 0.350, 0.850, 0.965, 0.071, 1.04, 3, 3, 2, 2, 
159, 56.6228, 12.7293, 331.655, 48.1024, local, 0.232, 0.062, 0.211, 0.421, 0.063, 0.60, 9, 53, 27, 27, 
160, 56.7254, 12.7524, 332.256, 48.1896, local, 0.402, 0.309, 0.684, 0.797, 0.100, 1.25, 62, 10, 5, 5, 
161, 57.1769, 12.8539, 334.900, 48.5732, local, 0.214, 0.039, 0.116, 0.471, 0.038, 0.49, 15, 44, 22, 22, 
162, 57.4862, 12.9234, 336.712, 48.8359, local, 0.233, 0.110, 0.341, 0.525, 0.056, 0.83, 3, 47, 24, 24, 
163, 57.5967, 12.9483, 337.359, 48.9298, local, 0.450, 0.304, 0.800, 0.921, 0.071, 1.09, 5, 3, 2, 2, 
164, 57.7115, 12.9741, 338.032, 49.0274, local, 0.242, 0.066, 0.256, 0.445, 0.045, 0.73, 4, 40, 20, 20, 
165, 58.0916, 13.0595, 340.258, 49.3503, local, 0.220, 0.060, 0.222, 0.487, 0.056, 0.79, 14, 35, 18, 18, 
166, 58.3080, 13.1082, 341.525, 49.5341, global, 0.790, 0.442, 0.591, 0.551, 0.091, 1.21, 52, 2, 1, 1, weak-axis flexure
167, 58.9481, 13.2521, 345.274, 50.0778, local, 0.200, 0.044, 0.199, 0.428, 0.084, 0.95, 30, 48, 23, 25, 
168, 59.1996, 13.3086, 346.748, 50.2915, local, 0.233, 0.045, 0.195, 0.500, 0.061, 0.80, 30, 37, 19, 19, 
169, 59.2799, 13.3267, 347.218, 50.3598, local, 0.403, 0.296, 0.690, 0.795, 0.077, 1.26, 17, 3, 2, 2, 
170, 59.3608, 13.3448, 347.692, 50.4285, local, 0.371, 0.125, 0.335, 0.560, 0.060, 0.78, 19, 35, 18, 18, 
171, 59.4361, 13.3618, 348.133, 50.4924, local, 0.222, 0.057, 0.276, 0.604, 0.062, 0.77, 25, 32, 17, 16, 
172, 60.0579, 13.5015, 351.775, 51.0206, global, 0.628, 0.356, 0.495, 0.575, 0.100, 1.31, 66, 4, 2, 2, weak-axis flexure
173, 60.0684, 13.5039, 351.837, 51.0296, local, 0.237, 0.078, 0.252, 0.509, 0.051, 0.62, 68, 44, 22, 22, 
174, 60.3124, 13.5588, 353.266, 51.2369, local, 0.223, 0.082, 0.284, 0.756, 0.064, 0.98, 66, 39, 20, 20, 
175, 60.6972, 13.6453, 355.520, 51.5638, local, 0.234, 0.044, 0.172, 0.635, 0.051, 0.57, 82, 37, 19, 19, 
176, 61.0365, 13.7215, 357.507, 51.8520, local, 0.254, 0.097, 0.290, 0.514, 0.055, 0.92, 15, 44, 21, 23, 
177, 61.1415, 13.7452, 358.122, 51.9412, local, 0.491, 0.346, 0.816, 0.968, 0.074, 1.03, 15, 7, 4, 4, 
178, 61.6671, 13.8633, 361.201, 52.3877, local, 0.210, 0.042, 0.192, 0.483, 0.082, 1.08, 56, 63, 32, 32, 
179, 61.8568, 13.9060, 362.312, 52.5489, distortional, 0.286, 0.218, 0.638, 0.727, 0.122, 1.23, 84, 12, 6, 6, 
180, 62.3292, 14.0122, 365.079, 52.9502, local, 0.210, 0.049, 0.155, 0.482, 0.061, 0.84, 54, 46, 23, 23, 
181, 62.7103, 14.0978, 367.311, 53.2739, local, 0.344, 0.190, 0.497, 0.669, 0.127, 1.04, 65, 25, 13, 13, 
182, 62.9183, 14.1446, 368.529, 53.4507, local, 0.213, 0.032, 0.113, 0.438, 0.052, 0.62, 74, 47, 23, 25, 
183, 63.2656, 14.2227, 370.563, 53.7457, local, 0.207, 0.033, 0.124, 0.417, 0.070, 0.68, 85, 44, 22, 22, 
184, 63.4962, 14.2745, 371.914, 53.9416, distortional, 0.236, 0.184, 0.540, 0.832, 0.112, 1.20, 86, 26, 13, 13, 
185, 63.7629, 14.3345, 373.476, 54.1682, local, 0.264, 0.065, 0.215, 0.465, 0.054, 0.77, 82, 47, 24, 24, 
186, 63.8328, 14.3502, 373.886, 54.2275, local, 0.250, 0.044, 0.219, 0.578, 0.052, 0.72, 83, 40, 20, 20, 
187, 63.9679, 14.3806, 374.677, 54.3423, local, 0.368, 0.152, 0.362, 0.679, 0.056, 0.74, 85, 39, 20, 20, 
188, 64.2429, 14.4424, 376.288, 54.5759, distortional, 0.374, 0.206, 0.554, 0.868, 0.083, 1.12, 75, 31, 16, 16, 
189, 64.3864, 14.4746, 377.128, 54.6979, local, 0.245, 0.040, 0.293, 0.499, 0.058, 1.15, 79, 46, 23, 23, 
190, 64.7860, 14.5645, 379.469, 55.0373, local, 0.334, 0.174, 0.263, 0.851, 0.054, 0.60, 88, 36, 18, 18, 
