mode, M1_mixed kN, M1_mixed kips, M2_mixed kN, M2_mixed kips, M1nh_mixed kN, M1nh_mixed kips, baseline kN, baseline kips, baseline note
Local, lowest, 15.951, 3.586, 16.000, 3.597, 15.786, 3.549, 16.136, 3.627, CUFSM gross-section signature minimum, 70 mm
Local, gross section (CeeSectionBuckling), , , , , , , 16.170, 3.635, CeeSectionBuckling gross, 70 mm
Local at the holes (web strips), 20.445, 4.596, 20.561, 4.622, , , 24.884, 5.594, CeeSectionBuckling net section, 61 mm
Distortional, 3 half-waves per segment, 36.508, 8.207, 36.383, 8.179, 37.365, 8.400, 35.352, 7.948, AISI S100 reduced web thickness, 450 mm
Distortional, gross, , , , , , , 37.296, 8.384, CeeSectionBuckling gross, 450 mm; CUFSM at L/3 = 406 mm: 38.01 kN
Distortional–hole interaction, 5 half-waves per segment, 32.635, 7.337, 32.332, 7.268, , , , , no finite strip counterpart
Global, flexural-torsional, 35.254, 7.925, 34.756, 7.814, 37.152, 8.352, 37.886, 8.517, analytical, gross section, KL = 1219 mm
Global, flexural-torsional, finite strip, , , , , , , 37.165, 8.355, CUFSM gross section, single half-wave of 1219 mm
Global, weighted-average net, , , , , , , 31.627, 7.110, analytical, AISI S100 weighted-average net properties
Global, weak-axis flexure, 46.735, 10.507, 47.698, 10.723, 49.576, 11.145, 56.928, 12.798, analytical weak-axis flexure, gross
Global, weak-axis flexure, finite strip, , , , , , , 49.584, 11.147, CUFSM gross section, second mode at 1219 mm (flexure with flange distortion)

model, element, dofs, cells, assemble_K_s, static_solve_s, assemble_Kg_s, factorization_s, eigs_lowest_s, shift_invert_total_s
M1_mixed, mixed, 247998, , 6.0, 3.3, 2.0, 9.5, 8.6, 356.1
M2_mixed, mixed, 509286, , 8.6, 5.6, 3.5, 19.8, 17.9, 902.6
